cond:Op-ord-1	appendixG.tex	3799	\hyperref[cond:Op-ord-1]{\textsf{\textbf{(Op-ord-1)}
cond:Op-ord-1	appendixG.tex	3863	\hyperref[cond:Op-ord-1]{\textsf{\textbf{(Op-ord-1)}
cond:Op-ord-1	appendixG.tex	3863	\hyperref[cond:Op-ord-1]{\textsf{\textbf{(Op-ord-3)}
cond:Op-ord-1	appendixG.tex	3873	\hyperref[cond:Op-ord-1]{\textsf{\textbf{(Op-ord-1)}
cond:Op-ord-1	appendixG.tex	3873	\hyperref[cond:Op-ord-1]{\textsf{\textbf{(Op-ord-3)}
cond:Op-ord-1	appendixG.tex	3878	\hyperref[cond:Op-ord-1]{\textsf{\textbf{(Op-ord-3)}
cond:Op-ord-1	appendixG.tex	3879	\hyperref[cond:Op-ord-1]{\textsf{\textbf{(Op-ord-3)}
cond:Op-ord-1	appendixG.tex	3895	\hyperref[cond:Op-ord-1]{\textsf{\textbf{(Op-ord-3)}
cond:Op-ord-1	appendixG.tex	3896	\hyperref[cond:Op-ord-1]{\textsf{\textbf{(Op-ord-3)}
cond:Op-ord-1	appendixG.tex	3912	\hyperref[cond:Op-ord-1]{\textsf{\textbf{(Op-ord-1)}
cond:Op-ord-1	appendixG.tex	3920	\hyperref[cond:Op-ord-1]{\textsf{\textbf{(Op-ord-2)}
def:alpha-n	appendixG.tex	4150	\hyperref[def:alpha-n]{activeな射 $\alpha_n \in \Hom{\FIN_*}
def:Bsc-induction	appendixG.tex	2270	\hyperref[def:Bsc-induction]{basic}
def:Bsc-induction	appendixG.tex	2302	\hyperref[def:Bsc-induction]{$(1,\, 1)$-圏 $\Bsc$ における射の定義}
def:Bsc-induction	appendixG.tex	2310	\hyperref[def:Bsc-induction]{conically smoothnessの定義}
def:Bsc-induction	appendixG.tex	2332	\hyperref[def:Bsc-induction]{basic}
def:Bsc-induction	appendixG.tex	2630	\hyperref[def:Bsc-induction]{basic}
def:Bsc-induction	appendixG.tex	2660	\hyperref[def:Bsc-induction]{basic}
def:Bsc-induction	appendixG.tex	2726	\hyperref[def:Bsc-induction]{basic}
def:Bsc-induction	appendixG.tex	2761	\hyperref[def:Bsc-induction]{basic}
def:Bsc-induction	appendixG.tex	2776	\hyperref[def:Bsc-induction]{basic}
def:Bsc-induction	appendixG.tex	2947	\hyperref[def:Bsc-induction]{basic}
def:Bsc-induction	appendixG.tex	801	\hyperref[def:Bsc-induction]{圏 $\Bsc_{\le k+1,\, \le \infty}
def:Bsc-induction	appendixG.tex	834	\hyperref[def:Bsc-induction]{\textbf{basic}
def:c-operad	appendixG.tex	3730	\hyperref[def:c-operad]{色付きオペラッド}
def:c-operad	appendixG.tex	3836	\hyperref[def:c-operad]{colored operad}
def:c-operad	appendixG.tex	3862	\hyperref[def:c-operad]{色付きオペラッド}
def:c-operad	appendixG.tex	3873	\hyperref[def:c-operad]{色付きオペラッド}
def:c-smooth	appendixG.tex	1779	\hyperref[def:c-smooth]{conically smoothな層状化空間}
def:c-smooth	appendixG.tex	1797	\hyperref[def:c-smooth]{conically smoothな層状化空間}
def:c-smooth	appendixG.tex	1810	\hyperref[def:c-smooth]{conically smoothな層状化空間}
def:c-smooth	appendixG.tex	1834	\hyperref[def:c-smooth]{conically smoothな層状化空間}
def:c-smooth	appendixG.tex	1855	\hyperref[def:c-smooth]{conically smoothな層状化空間}
def:c-smooth	appendixG.tex	1869	\hyperref[def:c-smooth]{conically smoothな層状化空間}
def:c-smooth	appendixG.tex	2286	\hyperref[def:c-smooth]{$(1,\, 1)$-圏 $\Strat$}
def:c-smooth	appendixG.tex	2531	\hyperref[def:c-smooth]{conically smoothな層状化空間}
def:c-smooth	appendixG.tex	995	\hyperref[def:c-smooth]{conically smoothな層状化空間}
def:c-smooth-along	appendixG.tex	2169	\hyperref[def:c-smooth-along]{微分}
def:c-smooth-along	appendixG.tex	2240	\hyperref[def:c-smooth-along]{微分}
def:c-smooth-along	appendixG.tex	564	\hyperref[def:c-smooth-along]{conically smooth (along $\mathbb{R}
def:c-smooth-along	appendixG.tex	595	\hyperref[def:c-smooth-along]{conically smooth}
def:c-smooth-along	appendixG.tex	764	\hyperref[def:c-smooth-along]{$\mathbb{R}
def:c-smooth-along	appendixG.tex	884	\hyperref[def:c-smooth-along]{$\mathbb{R}
def:c-smooth-map	appendixG.tex	1000	\hyperref[def:c-smooth-map]{conically smoothな層状化写像}
def:c-smooth-map	appendixG.tex	1020	\hyperref[def:c-smooth-map]{conically smoothな層状化写像}
def:c-smooth-map	appendixG.tex	2169	\hyperref[def:c-smooth-map]{conically smooth}
def:c-smooth-map	appendixG.tex	903	\hyperref[def:c-smooth-map]{conically smooth map}
def:c-smooth-map	appendixG.tex	923	\hyperref[def:c-smooth-map]{conically smooth map}
def:c-smooth-map	appendixG.tex	932	\hyperref[def:c-smooth-map]{conically smoothな層状化写像}
def:c-smooth-map	appendixG.tex	952	\hyperref[def:c-smooth-map]{conically smoothな層状化写像}
def:c-smooth-map	appendixG.tex	958	\hyperref[def:c-smooth-map]{conically smoothな層状化写像}
def:C0-basic	appendixG.tex	529	\hyperref[def:C0-basic]{$C^0$ basic}
def:C0-basic	appendixG.tex	539	\hyperref[def:C0-basic]{$C^0$ basic}
def:C0-basic	appendixG.tex	561	\hyperref[def:C0-basic]{$C^0$ basic}
def:C0-basic	appendixG.tex	568	\hyperref[def:C0-basic]{$C^0$ basic}
def:C0-basic	appendixG.tex	569	\hyperref[def:C0-basic]{$C^0$ basic}
def:C0-basic	appendixG.tex	662	\hyperref[def:C0-basic]{$C^0$ basic}
def:C0-basic	appendixG.tex	738	\hyperref[def:C0-basic]{$C^0$ basic}
def:C0-basic	appendixG.tex	743	\hyperref[def:C0-basic]{$C^0$ basic}
def:C0-basic	appendixG.tex	867	\hyperref[def:C0-basic]{$C^0$ basic}
def:Cart-coCart	appendixG.tex	3227	\hyperref[def:Cart-coCart]{\textsf{\textbf{(coCart-2)}
def:Cart-coCart	appendixG.tex	3626	\hyperref[def:Cart-coCart]{coCartesianファイブレーション}
def:Cart-coCart	appendixG.tex	3638	\hyperref[def:Cart-coCart]{coCartesianファイブレーション}
def:Cart-coCart	appendixG.tex	4097	\hyperref[def:Cart-coCart]{$p$-coCartesian lift}
def:Cart-coCart	appendixG.tex	4150	\hyperref[def:Cart-coCart]{$p$-coCartesian lift}
def:cat-of-operators	appendixG.tex	3862	\hyperref[def:cat-of-operators]{category of operators}
def:core	appendixG.tex	3601	\hyperref[def:core]{芯}
def:core	appendixG.tex	3669	\hyperref[def:core]{芯}
def:covering-dim	appendixG.tex	225	\hyperref[def:covering-dim]{次元}
def:covering-dim	appendixG.tex	246	\hyperref[def:covering-dim]{次元}
def:covering-dim	appendixG.tex	455	\hyperref[def:covering-dim]{被覆次元}
def:covering-dim	appendixG.tex	619	\hyperref[def:covering-dim]{被覆次元}
def:covering-dim	appendixG.tex	651	\hyperref[def:covering-dim]{被覆次元}
def:delooping-groupoid	appendixG.tex	2699	\hyperref[def:delooping-groupoid]{群のdelooping groupoid}
def:diagram	appendixG.tex	1552	\hyperref[def:diagram]{$(1,\, 1)$-圏の場合}
def:dim-depth	appendixG.tex	2332	\hyperref[def:dim-depth]{深さ}
def:dim-depth	appendixG.tex	2375	\hyperref[def:dim-depth]{局所的深さ}
def:dim-depth	appendixG.tex	2432	\hyperref[def:dim-depth]{局所的次元}
def:dim-depth	appendixG.tex	2462	\hyperref[def:dim-depth]{局所的深さ}
def:dim-depth	appendixG.tex	2556	\hyperref[def:dim-depth]{深さの定義}
def:dim-depth	appendixG.tex	455	\hyperref[def:dim-depth]{深さ}
def:dim-depth	appendixG.tex	685	\hyperref[def:dim-depth]{深さ}
def:dim-depth	appendixG.tex	744	\hyperref[def:dim-depth]{depthの定義}
def:dim-depth	appendixG.tex	868	\hyperref[def:dim-depth]{$\depth (Y)$}
def:dim-depth	appendixG.tex	958	\hyperref[def:dim-depth]{$\depth (E)$}
def:enriched	appendixG.tex	1043	\hyperref[def:enriched]{$\Kan$-豊穣圏}
def:enriched	appendixG.tex	2699	\hyperref[def:enriched]{Hom対象}
def:enriched	appendixG.tex	3000	\hyperref[def:enriched]{豊穣圏}
def:enriched	appendixG.tex	4015	\hyperref[def:enriched]{Hom対象}
def:eq-coeq	appendixG.tex	161	\hyperref[def:eq-coeq]{コイコライザ}
def:equiv-infty	appendixG.tex	1669	\hyperref[def:equiv-infty]{$(\infty,\, 1)$-圏同値}
def:equiv-infty	appendixG.tex	1690	\hyperref[def:equiv-infty]{$(\infty,\, 1)$-圏同値}
def:equiv-infty	appendixG.tex	1698	\hyperref[def:equiv-infty]{$(\infty,\, 1)$-圏同値}
def:equiv-infty	appendixG.tex	1716	\hyperref[def:equiv-infty]{$(\infty,\, 1)$-圏同値}
def:equiv-infty	appendixG.tex	2897	\hyperref[def:equiv-infty]{$(\infty,\, 1)$-圏同値}
def:equiv-infty	appendixG.tex	2970	\hyperref[def:equiv-infty]{$(\infty,\, 1)$-圏同値}
def:equiv-infty	appendixG.tex	3387	\hyperref[def:equiv-infty]{$(\infty,\, 1)$-圏同値}
def:equiv-infty	appendixG.tex	4117	\hyperref[def:equiv-infty]{$(\infty,\, 1)$-圏同値}
def:equiv-infty	appendixG.tex	4133	\hyperref[def:equiv-infty]{$(\infty,\, 1)$-圏同値}
def:faithful	appendixG.tex	428	\hyperref[def:faithful]{充満部分圏}
def:FF-ES	appendixG.tex	3548	\hyperref[def:FF-ES]{忠実充満かつ本質的全射}
def:FF-ES-infty	appendixG.tex	3549	\hyperref[def:FF-ES-infty]{忠実充満}
def:FF-ES-infty	appendixG.tex	3551	\hyperref[def:FF-ES-infty]{本質的全射}
def:Fin	appendixG.tex	3054	\hyperref[def:Fin]{圏 $\FIN_*$}
def:Fin	appendixG.tex	3055	\hyperref[def:Fin]{圏 $\FIN_*$}
def:fullsub-infty	appendixG.tex	1155	\hyperref[def:fullsub-infty]{部分Kan複体}
def:fullsub-infty	appendixG.tex	1618	\hyperref[def:fullsub-infty]{充満部分 $(\infty,\, 1)$-圏}
def:fullsub-infty	appendixG.tex	2275	\hyperref[def:fullsub-infty]{部分Kan複体}
def:fullsub-infty	appendixG.tex	2892	\hyperref[def:fullsub-infty]{部分 $(\infty,\, 1)$-圏}
def:fullsub-infty	appendixG.tex	3011	\hyperref[def:fullsub-infty]{充満部分 $(\infty,\, 1)$-圏}
def:fullsub-infty	appendixG.tex	3591	\hyperref[def:fullsub-infty]{充満部分 $(\infty,\, 1)$-圏}
def:fullsub-infty	appendixG.tex	3649	\hyperref[def:fullsub-infty]{充満部分 $(\infty,\, 1)$-圏}
def:fullsub-infty	appendixG.tex	3659	\hyperref[def:fullsub-infty]{充満部分 $(\infty,\, 1)$-圏}
def:horn	appendixG.tex	1098	\hyperref[def:horn]{角}
def:horn	appendixG.tex	1100	\hyperref[def:horn]{角}
def:htpy-equiv	appendixG.tex	3327	\hyperref[def:htpy-equiv]{ホモトピー同値}
def:htpy-equiv	appendixG.tex	3536	\hyperref[def:htpy-equiv]{ホモトピー同値}
def:htpy-equiv	appendixG.tex	3549	\hyperref[def:htpy-equiv]{ホモトピー同値}
def:htpy-equiv	appendixG.tex	4149	\hyperref[def:htpy-equiv]{ホモトピー同値}
def:htpy-equiv-Kan	appendixG.tex	2688	\hyperref[def:htpy-equiv-Kan]{Kan複体のホモトピー同値}
def:htpy-equiv-Kan	appendixG.tex	2693	\hyperref[def:htpy-equiv-Kan]{ホモトピー同値}
def:htpy-equiv-Kan	appendixG.tex	2893	\hyperref[def:htpy-equiv-Kan]{Kan複体のホモトピー同値}
def:htpy-equiv-Kan	appendixG.tex	2957	\hyperref[def:htpy-equiv-Kan]{Kan複体のホモトピー同値}
def:htpy-equiv-Kan	appendixG.tex	2971	\hyperref[def:htpy-equiv-Kan]{Kan複体のホモトピー同値}
def:htpy-equiv-Kan	appendixG.tex	2981	\hyperref[def:htpy-equiv-Kan]{Kan複体のホモトピー同値}
def:htpy-Kan	appendixG.tex	1544	\hyperref[def:htpy-Kan]{ホモトピー同値}
def:htpy-Kan	appendixG.tex	1546	\hyperref[def:htpy-Kan]{ホモトピー同値}
def:inert-active	appendixG.tex	3069	\hyperref[def:inert-active]{inertな射}
def:inert-active	appendixG.tex	3086	\hyperref[def:inert-active]{activeな射}
def:inert-active	appendixG.tex	3316	\hyperref[def:inert-active]{inertな}
def:inert-active	appendixG.tex	3387	\hyperref[def:inert-active]{inertな射}
def:inert-active	appendixG.tex	3563	\hyperref[def:inert-active]{innerな射}
def:inert-active	appendixG.tex	3792	\hyperref[def:inert-active]{inertな}
def:inert-active	appendixG.tex	3880	\hyperref[def:inert-active]{active}
def:inert-active	appendixG.tex	3901	\hyperref[def:inert-active]{inertな射}
def:inert-active	appendixG.tex	3912	\hyperref[def:inert-active]{inertな射}
def:inert-active	appendixG.tex	3937	\hyperref[def:inert-active]{activeな射}
def:inert-active	appendixG.tex	4096	\hyperref[def:inert-active]{inertな射}
def:infinity-1	appendixG.tex	1076	\hyperref[def:infinity-1]{$(\infty,\, 1)$-圏の関手}
def:infinity-1	appendixG.tex	1126	\hyperref[def:infinity-1]{$(\infty,\, 1)$-圏}
def:infinity-1	appendixG.tex	1421	\hyperref[def:infinity-1]{$(\infty,\, 1)$-圏}
def:infinity-1	appendixG.tex	1429	\hyperref[def:infinity-1]{$(\infty,\, 1)$-圏}
def:infinity-1	appendixG.tex	1429	\hyperref[def:infinity-1]{$(\infty,\, 1)$-圏の関手}
def:infinity-1	appendixG.tex	1474	\hyperref[def:infinity-1]{$(\infty,\, 1)$-圏の関手}
def:infinity-1	appendixG.tex	1514	\hyperref[def:infinity-1]{$(\infty,\, 1)$-圏}
def:infinity-1	appendixG.tex	1532	\hyperref[def:infinity-1]{quasi-category}
def:infinity-1	appendixG.tex	1544	\hyperref[def:infinity-1]{$(\infty,\, 1)$-圏}
def:infinity-1	appendixG.tex	1546	\hyperref[def:infinity-1]{$(\infty,\, 1)$-圏}
def:infinity-1	appendixG.tex	1552	\hyperref[def:infinity-1]{$(\infty,\, 1)$-圏の関手}
def:infinity-1	appendixG.tex	1586	\hyperref[def:infinity-1]{$(\infty,\, 1)$-圏の関手}
def:infinity-1	appendixG.tex	1626	\hyperref[def:infinity-1]{$(\infty,\, 1)$-圏}
def:infinity-1	appendixG.tex	1627	\hyperref[def:infinity-1]{$(\infty,\, 1)$-圏の関手}
def:infinity-1	appendixG.tex	1665	\hyperref[def:infinity-1]{$(\infty,\, 1)$-圏}
def:infinity-1	appendixG.tex	1666	\hyperref[def:infinity-1]{$(\infty,\, 1)$-圏の関手}
def:infinity-1	appendixG.tex	1726	\hyperref[def:infinity-1]{$(\infty,\, 1)$-圏}
def:infinity-1	appendixG.tex	1735	\hyperref[def:infinity-1]{$(\infty,\, 1)$-圏の関手}
def:infinity-1	appendixG.tex	1744	\hyperref[def:infinity-1]{$(\infty,\, 1)$-圏}
def:infinity-1	appendixG.tex	1760	\hyperref[def:infinity-1]{$(\infty,\, 1)$-圏}
def:infinity-1	appendixG.tex	1764	\hyperref[def:infinity-1]{$(\infty,\, 1)$-圏の関手}
def:infinity-1	appendixG.tex	1789	\hyperref[def:infinity-1]{$(\infty,\, 1)$-圏の関手}
def:infinity-1	appendixG.tex	1835	\hyperref[def:infinity-1]{$(\infty,\, 1)$-圏の関手}
def:infinity-1	appendixG.tex	2348	\hyperref[def:infinity-1]{$(\infty,\, 1)$-圏の関手}
def:infinity-1	appendixG.tex	2674	\hyperref[def:infinity-1]{$(\infty,\, 1)$-圏}
def:infinity-1	appendixG.tex	3010	\hyperref[def:infinity-1]{$(\infty,\, 1)$-圏}
def:infinity-1	appendixG.tex	3025	\hyperref[def:infinity-1]{quasi-category}
def:infinity-1	appendixG.tex	3308	\hyperref[def:infinity-1]{$(\infty,\, 1)$-圏の関手}
def:infinity-1	appendixG.tex	3322	\hyperref[def:infinity-1]{Kan複体の関手}
def:infinity-1	appendixG.tex	3338	\hyperref[def:infinity-1]{$(\infty,\, 1)$-圏の関手}
def:infinity-1	appendixG.tex	3376	\hyperref[def:infinity-1]{$(\infty,\, 1)$-圏の関手}
def:infinity-1	appendixG.tex	3387	\hyperref[def:infinity-1]{$(\infty,\, 1)$-圏の関手}
def:infinity-1	appendixG.tex	3570	\hyperref[def:infinity-1]{$(\infty,\, 1)$-圏の関手}
def:infinity-1	appendixG.tex	3605	\hyperref[def:infinity-1]{$(\infty,\, 1)$-圏}
def:infinity-1	appendixG.tex	3617	\hyperref[def:infinity-1]{$(\infty,\, 1)$-圏}
def:infinity-1	appendixG.tex	3621	\hyperref[def:infinity-1]{$(\infty,\, 1)$-圏の関手}
def:infinity-1	appendixG.tex	3673	\hyperref[def:infinity-1]{$(\infty,\, 1)$-圏}
def:infinity-1	appendixG.tex	3954	\hyperref[def:infinity-1]{$(\infty,\, 1)$-圏}
def:infinity-1	appendixG.tex	4035	\hyperref[def:infinity-1]{$(\infty,\, 1)$-圏の関手}
def:infinity-1	appendixG.tex	4052	\hyperref[def:infinity-1]{$(\infty,\, 1)$-圏の図式}
def:infinity-1	appendixG.tex	4061	\hyperref[def:infinity-1]{$(\infty,\, 1)$-圏の図式}
def:infinity-1	appendixG.tex	4103	\hyperref[def:infinity-1]{$(\infty,\, 1)$-圏の関手}
def:infinity-1	appendixG.tex	4145	\hyperref[def:infinity-1]{$(\infty,\, 1)$-圏の関手}
def:infinity-1	appendixG.tex	4153	\hyperref[def:infinity-1]{$(\infty,\, 1)$-圏}
def:infinity-1	appendixG.tex	4176	\hyperref[def:infinity-1]{$(\infty,\, 1)$-圏}
def:infinity-1	appendixG.tex	4183	\hyperref[def:infinity-1]{$(\infty,\, 1)$-圏の関手}
def:infinity-presheaf	appendixG.tex	1764	\hyperref[def:infinity-presheaf]{$(\infty,\, 1)$-前層の成す $(\infty,\, 1)$-圏}
def:infty-fib	appendixG.tex	1098	\hyperref[def:infty-fib]{\textsf{\textbf{(lifting property)}
def:infty-fib	appendixG.tex	1104	\hyperref[def:infty-fib]{内的ファイブレーション}
def:infty-fib	appendixG.tex	1115	\hyperref[def:infty-fib]{Kan fibration}
def:infty-fib	appendixG.tex	1116	\hyperref[def:infty-fib]{left fibration}
def:infty-fib	appendixG.tex	1116	\hyperref[def:infty-fib]{right fibration}
def:infty-fib	appendixG.tex	1118	\hyperref[def:infty-fib]{inner fibration}
def:infty-fib	appendixG.tex	1142	\hyperref[def:infty-fib]{右ファイブレーション}
def:infty-fib	appendixG.tex	1161	\hyperref[def:infty-fib]{右ファイブレーション}
def:infty-fib	appendixG.tex	1525	\hyperref[def:infty-fib]{右ファイブレーション}
def:infty-fib	appendixG.tex	1683	\hyperref[def:infty-fib]{右ファイブレーション}
def:infty-fib	appendixG.tex	1713	\hyperref[def:infty-fib]{右ファイブレーション}
def:infty-fib	appendixG.tex	1739	\hyperref[def:infty-fib]{左ファイブレーション}
def:infty-fib	appendixG.tex	1810	\hyperref[def:infty-fib]{右ファイブレーション}
def:infty-fib	appendixG.tex	1820	\hyperref[def:infty-fib]{右ファイブレーション}
def:infty-fib	appendixG.tex	1831	\hyperref[def:infty-fib]{右ファイブレーション}
def:infty-fib	appendixG.tex	2710	\hyperref[def:infty-fib]{右ファイブレーション}
def:infty-fib	appendixG.tex	2904	\hyperref[def:infty-fib]{右ファイブレーション}
def:infty-fib	appendixG.tex	2970	\hyperref[def:infty-fib]{右ファイブレーション}
def:infty-fib	appendixG.tex	3011	\hyperref[def:infty-fib]{右ファイブレーション}
def:infty-fib	appendixG.tex	3118	\hyperref[def:infty-fib]{内的ファイブレーション}
def:infty-fib	appendixG.tex	3269	\hyperref[def:infty-fib]{内的ファイブレーション}
def:infty-fib	appendixG.tex	3423	\hyperref[def:infty-fib]{内的ファイブレーション}
def:infty-fib	appendixG.tex	4157	\hyperref[def:infty-fib]{右ファイブレーション}
def:infty-homotopy-morphism	appendixG.tex	1509	\hyperref[def:infty-homotopy-morphism]{homotopy}
def:infty-homotopy-morphism	appendixG.tex	2158	\hyperref[def:infty-homotopy-morphism]{ホモトピー}
def:infty-operad	appendixG.tex	3069	\hyperref[def:infty-operad]{$\infty$-オペラッド}
def:infty-operad	appendixG.tex	3380	\hyperref[def:infty-operad]{\textsf{\textbf{(Op-1)}
def:infty-operad	appendixG.tex	3381	\hyperref[def:infty-operad]{\textsf{\textbf{(Op-3)}
def:infty-operad	appendixG.tex	3387	\hyperref[def:infty-operad]{\textsf{\textbf{(Op-1)}
def:infty-operad	appendixG.tex	3397	\hyperref[def:infty-operad]{\textsf{\textbf{(Op-1)}
def:infty-operad	appendixG.tex	3534	\hyperref[def:infty-operad]{\textsf{\textbf{(Op-1)}
def:infty-operad	appendixG.tex	3548	\hyperref[def:infty-operad]{\textsf{\textbf{(OP-3)}
def:infty-operad	appendixG.tex	3549	\hyperref[def:infty-operad]{\textsf{\textbf{(OP-2)}
def:infty-operad	appendixG.tex	3551	\hyperref[def:infty-operad]{\textsf{\textbf{(OP-3)}
def:infty-operad	appendixG.tex	3560	\hyperref[def:infty-operad]{$(\infty,\, 1)$-オペラッド}
def:infty-operad	appendixG.tex	3569	\hyperref[def:infty-operad]{$(\infty,\, 1)$-オペラッド}
def:infty-operad	appendixG.tex	3586	\hyperref[def:infty-operad]{$(\infty,\, 1)$-オペラッド}
def:infty-operad	appendixG.tex	3590	\hyperref[def:infty-operad]{$(\infty,\, 1)$-オペラッド}
def:infty-operad	appendixG.tex	3600	\hyperref[def:infty-operad]{$(\infty,\, 1)$-オペラッド}
def:infty-operad	appendixG.tex	3618	\hyperref[def:infty-operad]{$(\infty,\, 1)$-オペラッド}
def:infty-operad	appendixG.tex	3630	\hyperref[def:infty-operad]{$(\infty,\, 1)$-オペラッド}
def:infty-operad	appendixG.tex	3638	\hyperref[def:infty-operad]{$(\infty,\, 1)$-オペラッド}
def:infty-operad	appendixG.tex	3643	\hyperref[def:infty-operad]{$(\infty,\, 1)$-オペラッド}
def:infty-operad	appendixG.tex	3955	\hyperref[def:infty-operad]{$(\infty,\, 1)$-オペラッド}
def:infty-operad	appendixG.tex	4039	\hyperref[def:infty-operad]{$(\infty,\, 1)$-オペラッド}
def:infty-operad	appendixG.tex	4055	\hyperref[def:infty-operad]{$(\infty,\, 1)$-オペラッド}
def:infty-operad	appendixG.tex	4092	\hyperref[def:infty-operad]{$(\infty,\, 1)$-オペラッド}
def:infty-operad-map	appendixG.tex	3591	\hyperref[def:infty-operad-map]{$(\infty,\, 1)$-オペラッドの射}
def:infty-operad-map	appendixG.tex	3632	\hyperref[def:infty-operad-map]{$(\infty,\, 1)$-オペラッドの射}
def:infy-fib	appendixG.tex	1127	\hyperref[def:infy-fib]{内的ファイブレーション}
def:initial-final-infty	appendixG.tex	1554	\hyperref[def:initial-final-infty]{終対象}
def:initial-final-infty	appendixG.tex	1555	\hyperref[def:initial-final-infty]{始対象}
def:iso	appendixG.tex	3804	\hyperref[def:iso]{同型射}
def:isofibration	appendixG.tex	1117	\hyperref[def:isofibration]{isofibration}
def:isofibration	appendixG.tex	1668	\hyperref[def:isofibration]{アイソファイブレーション}
def:isofibration	appendixG.tex	1680	\hyperref[def:isofibration]{アイソファイブレーション}
def:isofibration	appendixG.tex	1831	\hyperref[def:isofibration]{アイソファイブレーション}
def:isofibration	appendixG.tex	2675	\hyperref[def:isofibration]{アイソファイブレーション}
def:isofibration	appendixG.tex	2710	\hyperref[def:isofibration]{アイソファイブレーション}
def:isom-infty	appendixG.tex	1106	\hyperref[def:isom-infty]{同型射}
def:isom-infty	appendixG.tex	1618	\hyperref[def:isom-infty]{同型射}
def:isom-infty	appendixG.tex	2344	\hyperref[def:isom-infty]{同型射}
def:isom-infty	appendixG.tex	2352	\hyperref[def:isom-infty]{同型射}
def:Kan	appendixG.tex	3000	\hyperref[def:Kan]{$\Kan$}
def:Kan	appendixG.tex	3598	\hyperref[def:Kan]{$\Kan$}
def:Kan	appendixG.tex	3666	\hyperref[def:Kan]{$\Kan$}
def:Kan-Aut	appendixG.tex	2698	\hyperref[def:Kan-Aut]{$\Aut(U)$}
def:Kan-group	appendixG.tex	2693	\hyperref[def:Kan-group]{群的なKan複体}
def:KanCplx	appendixG.tex	1035	\hyperref[def:KanCplx]{Kan複体}
def:KanCplx	appendixG.tex	983	\hyperref[def:KanCplx]{Kan複体}
def:Kanext	appendixG.tex	838	\hyperref[def:Kanext]{右Kan拡張}
def:lim-colim-infty	appendixG.tex	1559	\hyperref[def:lim-colim-infty]{$(\infty,\, 1)$-圏のlimit}
def:lim-colim-infty	appendixG.tex	1586	\hyperref[def:lim-colim-infty]{limit}
def:lim-colim-infty	appendixG.tex	1635	\hyperref[def:lim-colim-infty]{limit}
def:lim-colim-infty	appendixG.tex	4051	\hyperref[def:lim-colim-infty]{極限}
def:lim-colim-infty	appendixG.tex	4052	\hyperref[def:lim-colim-infty]{極限}
def:lim-colim-infty	appendixG.tex	4062	\hyperref[def:lim-colim-infty]{極限}
def:lim-colim-infty	appendixG.tex	4168	\hyperref[def:lim-colim-infty]{$(\infty,\, 1)$-圏の colimit}
def:lim-colim-infty	appendixG.tex	4183	\hyperref[def:lim-colim-infty]{colimit}
def:Map	appendixG.tex	1544	\hyperref[def:Map]{射の空間}
def:Map	appendixG.tex	1546	\hyperref[def:Map]{射の空間}
def:Map	appendixG.tex	1770	\hyperref[def:Map]{射の空間}
def:Map	appendixG.tex	2688	\hyperref[def:Map]{射の空間}
def:Map	appendixG.tex	2892	\hyperref[def:Map]{射の空間}
def:Map-comp	appendixG.tex	3323	\hyperref[def:Map-comp]{後合成}
def:Map-comp	appendixG.tex	3517	\hyperref[def:Map-comp]{後合成}
def:Map-comp	appendixG.tex	3526	\hyperref[def:Map-comp]{前合成および後合成}
def:nat	appendixG.tex	3431	\hyperref[def:nat]{自然変換}
def:nat	appendixG.tex	3970	\hyperref[def:nat]{自然変換}
def:nerve	appendixG.tex	3090	\hyperref[def:nerve]{脈体の定義}
def:nerve	appendixG.tex	3414	\hyperref[def:nerve]{脈体}
def:nerve-hc	appendixG.tex	1069	\hyperref[def:nerve-hc]{homotopy coherent nerve functor}
def:nerve-hc	appendixG.tex	2676	\hyperref[def:nerve-hc]{homotopy coherent nerve}
def:nerve-hc	appendixG.tex	2699	\hyperref[def:nerve-hc]{homotopy coherent nerve}
def:nerve-hc	appendixG.tex	3950	\hyperref[def:nerve-hc]{homotopy coherent nerve}
def:nerve-hc	appendixG.tex	4035	\hyperref[def:nerve-hc]{homotopy coherent nerve}
def:O-monoidal-infty	appendixG.tex	3636	\hyperref[def:O-monoidal-infty]{$\Cat{O}
def:O-monoidal-infty	appendixG.tex	3644	\hyperref[def:O-monoidal-infty]{$(\infty,\, 1)$-オペラッドのcoCartesianファイブレーション}
def:overcat-infty	appendixG.tex	1514	\hyperref[def:overcat-infty]{スライス圏}
def:overcat-infty	appendixG.tex	1554	\hyperref[def:overcat-infty]{スライス $(\infty,\, 1)$-圏}
def:overcat-infty	appendixG.tex	1555	\hyperref[def:overcat-infty]{コスライス $(\infty,\, 1)$-圏}
def:overcat-infty	appendixG.tex	1780	\hyperref[def:overcat-infty]{スライス圏}
def:p-Cart	appendixG.tex	3191	\hyperref[def:p-Cart]{\textsf{\textbf{(coCartesian)}
def:p-Cart	appendixG.tex	3284	\hyperref[def:p-Cart]{$p$-Cartesian}
def:p-Cart	appendixG.tex	3300	\hyperref[def:p-Cart]{$p$-coCartesian}
def:p-Cart	appendixG.tex	3317	\hyperref[def:p-Cart]{$p$-coCartesian}
def:p-Cart	appendixG.tex	3322	\hyperref[def:p-Cart]{$p$-coCartesian}
def:p-Cart	appendixG.tex	3332	\hyperref[def:p-Cart]{$p$-coCartesian}
def:p-Cart	appendixG.tex	3397	\hyperref[def:p-Cart]{$p$-coCartesian lift}
def:p-Cart	appendixG.tex	3493	\hyperref[def:p-Cart]{$p$-coCartesian}
def:p-Cart	appendixG.tex	3564	\hyperref[def:p-Cart]{$p$-coCartesian}
def:p-Cart	appendixG.tex	3647	\hyperref[def:p-Cart]{$p$-coCartesianな1-射}
def:p-Cart	appendixG.tex	3647	\hyperref[def:p-Cart]{$q$-coCartesianな1-射}
def:p-Cart	appendixG.tex	3658	\hyperref[def:p-Cart]{coCartesianな1-射}
def:p-Cart	appendixG.tex	3810	\hyperref[def:p-Cart]{$p$-coCartesian}
def:p-Cart	appendixG.tex	3879	\hyperref[def:p-Cart]{$p$-coCartesian}
def:p-Cart	appendixG.tex	3896	\hyperref[def:p-Cart]{$p$-coCartesian}
def:p-Cart	appendixG.tex	4125	\hyperref[def:p-Cart]{$p$-coCartesian}
def:p-coCart-ord	appendixG.tex	3793	\hyperref[def:p-coCart-ord]{$p$-coCartesian}
def:p-coCart-ord	appendixG.tex	3799	\hyperref[def:p-coCart-ord]{$p$-coCartesian}
def:p-coCart-ord	appendixG.tex	3912	\hyperref[def:p-coCart-ord]{$p$-coCartesianな射}
def:presheaf	appendixG.tex	679	\hyperref[def:presheaf]{前層}
def:pullback-infty	appendixG.tex	1644	\hyperref[def:pullback-infty]{$(\infty,\, 1)$-圏の引き戻し}
def:pullback-infty	appendixG.tex	1681	\hyperref[def:pullback-infty]{$(\infty,\, 1)$-圏の引き戻し}
def:pullback-infty	appendixG.tex	1705	\hyperref[def:pullback-infty]{$(\infty,\, 1)$-圏の引き戻し}
def:pullback-infty	appendixG.tex	1822	\hyperref[def:pullback-infty]{$(\infty,\, 1)$-圏の引き戻し}
def:pullback-infty	appendixG.tex	2662	\hyperref[def:pullback-infty]{$(\infty,\, 1)$-圏の引き戻し}
def:pullback-pushout	appendixG.tex	126	\hyperref[def:pullback-pushout]{押し出し}
def:pullback-pushout	appendixG.tex	1629	\hyperref[def:pullback-pushout]{引き戻し}
def:pullback-pushout	appendixG.tex	1661	\hyperref[def:pullback-pushout]{$\SETS$ における引き戻し}
def:pullback-pushout	appendixG.tex	2777	\hyperref[def:pullback-pushout]{引き戻し}
def:pullback-pushout	appendixG.tex	3812	\hyperref[def:pullback-pushout]{引き戻し}
def:pullback-pushout	appendixG.tex	936	\hyperref[def:pullback-pushout]{引き戻し}
def:RFIB	appendixG.tex	1809	\hyperref[def:RFIB]{$\RFIB_{\BSC}
def:sc-op-fibrant	appendixG.tex	4034	\hyperref[def:sc-op-fibrant]{ファイブラント}
def:sc-operad	appendixG.tex	4004	\hyperref[def:sc-operad]{Simplicial colored operad}
def:sc-operad	appendixG.tex	4012	\hyperref[def:sc-operad]{simplicial colored operad}
def:sc-operad	appendixG.tex	4034	\hyperref[def:sc-operad]{simplicial colored operad}
def:scat-of-operators	appendixG.tex	4035	\hyperref[def:scat-of-operators]{simplicial category of operators}
def:sifted-colim	appendixG.tex	4192	\hyperref[def:sifted-colim]{sifted-colimit}
def:sifted-infty	appendixG.tex	4169	\hyperref[def:sifted-infty]{sifted}
def:Simp-Join	appendixG.tex	1421	\hyperref[def:Simp-Join]{join}
def:Simp-Join	appendixG.tex	1441	\hyperref[def:Simp-Join]{joinの定義}
def:Simp-Join	appendixG.tex	1464	\hyperref[def:Simp-Join]{joinの定義}
def:Simp-Join	appendixG.tex	1537	\hyperref[def:Simp-Join]{join}
def:Simp-Join	appendixG.tex	1538	\hyperref[def:Simp-Join]{join}
def:SimpCat	appendixG.tex	4012	\hyperref[def:SimpCat]{単体的豊穣圏}
def:simplicial-top	appendixG.tex	1869	\hyperref[def:simplicial-top]{特異単体}
def:simplicial-top	appendixG.tex	1875	\hyperref[def:simplicial-top]{幾何学的 $n$-単体}
def:simplicial-top	appendixG.tex	993	\hyperref[def:simplicial-top]{幾何学的 $n$-単体}
def:SimpSet	appendixG.tex	1030	\hyperref[def:SimpSet]{単体的集合}
def:SimpSet	appendixG.tex	1127	\hyperref[def:SimpSet]{包含写像}
def:SimpSet	appendixG.tex	1127	\hyperref[def:SimpSet]{単体的部分集合}
def:SimpSet	appendixG.tex	1154	\hyperref[def:SimpSet]{単体的集合}
def:SimpSet	appendixG.tex	1193	\hyperref[def:SimpSet]{面写像}
def:SimpSet	appendixG.tex	1903	\hyperref[def:SimpSet]{部分Kan複体}
def:SimpSet	appendixG.tex	1914	\hyperref[def:SimpSet]{部分単体的集合}
def:SimpSet	appendixG.tex	3431	\hyperref[def:SimpSet]{単体的恒等式}
def:SimpSet	appendixG.tex	3965	\hyperref[def:SimpSet]{単体的集合}
def:SimpSet	appendixG.tex	986	\hyperref[def:SimpSet]{単体的集合の圏 $\sSet$}
def:singularity-type	appendixG.tex	2456	\hyperref[def:singularity-type]{特異性タイプ}
def:singularity-type	appendixG.tex	2457	\hyperref[def:singularity-type]{特異性タイプ}
def:singularity-type	appendixG.tex	2726	\hyperref[def:singularity-type]{特異性タイプ}
def:singularity-type	appendixG.tex	2769	\hyperref[def:singularity-type]{特異性タイプ}
def:slice-category	appendixG.tex	1488	\hyperref[def:slice-category]{$(1,\, 1)$-圏における $X$ 上のスライス圏}
def:slice-category	appendixG.tex	1509	\hyperref[def:slice-category]{$(1,\, 1)$-圏における $X$ 上のスライス圏}
def:Sm-induction	appendixG.tex	1866	\hyperref[def:Sm-induction]{conically smooth atlas}
def:Sm-induction	appendixG.tex	2554	\hyperref[def:Sm-induction]{conically smooth atlas}
def:Sm-induction	appendixG.tex	2630	\hyperref[def:Sm-induction]{conically smooth atlas}
def:Sm-induction	appendixG.tex	2768	\hyperref[def:Sm-induction]{conically smooth アトラス}
def:Sm-induction	appendixG.tex	852	\hyperref[def:Sm-induction]{極大アトラス}
def:Snglr	appendixG.tex	1056	\hyperref[def:Snglr]{$\Obj{\Bsc}
def:Snglr	appendixG.tex	1861	\hyperref[def:Snglr]{basic}
def:Snglr	appendixG.tex	1899	\hyperref[def:Snglr]{conically smoothな層状化空間}
def:Snglr	appendixG.tex	1911	\hyperref[def:Snglr]{basic}
def:Snglr	appendixG.tex	1962	\hyperref[def:Snglr]{$(1,\, 1)$-圏 $\Snglr$ の定義}
def:Snglr	appendixG.tex	2004	\hyperref[def:Snglr]{$(1,\, 1)$-圏 $\Snglr$ の定義}
def:Snglr	appendixG.tex	867	\hyperref[def:Snglr]{\underline{\textbf{basic}
def:Snglr	appendixG.tex	894	\hyperref[def:Snglr]{conically smoothな層状化空間}
def:Snglr	appendixG.tex	899	\hyperref[def:Snglr]{basic}
def:Snglr	appendixG.tex	917	\hyperref[def:Snglr]{$\Snglr$}
def:Snglr-C0	appendixG.tex	2387	\hyperref[def:Snglr-C0]{$C^0$ 級層状化空間}
def:Snglr-C0	appendixG.tex	2405	\hyperref[def:Snglr-C0]{\textsf{\textbf{(Snglr-1)}
def:Snglr-C0	appendixG.tex	2405	\hyperref[def:Snglr-C0]{$C^0$ 級層状化空間}
def:Snglr-C0	appendixG.tex	2432	\hyperref[def:Snglr-C0]{$\SnglrC$ の定義から}
def:Snglr-C0	appendixG.tex	2438	\hyperref[def:Snglr-C0]{$C^0$ 級層状化空間}
def:Snglr-C0	appendixG.tex	460	\hyperref[def:Snglr-C0]{\textsf{\textbf{(Snglr-1)}
def:Snglr-C0	appendixG.tex	461	\hyperref[def:Snglr-C0]{\textsf{\textbf{(Snglr-3)}
def:Snglr-C0	appendixG.tex	469	\hyperref[def:Snglr-C0]{\textsf{\textbf{(Snglr-4)}
def:Snglr-C0	appendixG.tex	470	\hyperref[def:Snglr-C0]{\textsf{\textbf{(Snglr-5)}
def:Snglr-C0	appendixG.tex	473	\hyperref[def:Snglr-C0]{$C^0$ 級層状化空間}
def:Snglr-C0	appendixG.tex	525	\hyperref[def:Snglr-C0]{$\bm{C^0}
def:Snglr-C0	appendixG.tex	561	\hyperref[def:Snglr-C0]{$C^0$ 級層状化空間}
def:Snglr-C0	appendixG.tex	563	\hyperref[def:Snglr-C0]{$C^0$-級層状化空間}
def:Snglr-C0	appendixG.tex	595	\hyperref[def:Snglr-C0]{$\bm{C^0}
def:Snglr-C0	appendixG.tex	617	\hyperref[def:Snglr-C0]{$\bm{C^0}
def:Snglr-C0	appendixG.tex	642	\hyperref[def:Snglr-C0]{$C^0$ 級層状化空間}
def:Snglr-C0	appendixG.tex	679	\hyperref[def:Snglr-C0]{$C^0$ 級層状化空間}
def:Snglr-C0	appendixG.tex	685	\hyperref[def:Snglr-C0]{$C^0$ 級層状化空間}
def:Snglr-C0	appendixG.tex	704	\hyperref[def:Snglr-C0]{\textsf{\textbf{(Snglr-1)}
def:Snglr-C0	appendixG.tex	778	\hyperref[def:Snglr-C0]{$C^0$ 級層状化空間}
def:Snglr-C0	appendixG.tex	806	\hyperref[def:Snglr-C0]{$C^0$ 級層状化空間}
def:Snglr-C0	appendixG.tex	818	\hyperref[def:Snglr-C0]{$C^0$ 級層状化空間}
def:Snglr-C0	appendixG.tex	852	\hyperref[def:Snglr-C0]{$C^0$ 級層状化空間}
def:str-cone	appendixG.tex	185	\hyperref[def:str-cone]{コーン}
def:str-cone	appendixG.tex	1862	\hyperref[def:str-cone]{コーンポイント}
def:str-cone	appendixG.tex	192	\hyperref[def:str-cone]{コーン}
def:str-cone	appendixG.tex	2409	\hyperref[def:str-cone]{コーンの定義}
def:str-cone	appendixG.tex	247	\hyperref[def:str-cone]{コーン}
def:str-cone	appendixG.tex	530	\hyperref[def:str-cone]{コーンの定義}
def:str-cone	appendixG.tex	642	\hyperref[def:str-cone]{コーン}
def:strat-emb	appendixG.tex	113	\hyperref[def:strat-emb]{層状化開埋め込み}
def:strat-emb	appendixG.tex	2432	\hyperref[def:strat-emb]{層状化開埋め込み}
def:strat-emb	appendixG.tex	2762	\hyperref[def:strat-emb]{層状化開埋め込み}
def:strat-emb	appendixG.tex	469	\hyperref[def:strat-emb]{層状化埋め込み}
def:strat-emb	appendixG.tex	561	\hyperref[def:strat-emb]{層状化開埋め込み}
def:strat-emb	appendixG.tex	563	\hyperref[def:strat-emb]{層状化開埋め込み}
def:strat-emb	appendixG.tex	683	\hyperref[def:strat-emb]{層状化開埋め込み}
def:strat-emb	appendixG.tex	752	\hyperref[def:strat-emb]{層状化開埋め込み}
def:strat-emb	appendixG.tex	756	\hyperref[def:strat-emb]{層状化開埋め込み}
def:strat-emb	appendixG.tex	825	\hyperref[def:strat-emb]{層状化開埋め込み}
def:strat-emb	appendixG.tex	830	\hyperref[def:strat-emb]{層状化開埋め込み}
def:strat-emb	appendixG.tex	847	\hyperref[def:strat-emb]{層状化開埋め込み}
def:strat-emb	appendixG.tex	856	\hyperref[def:strat-emb]{層状化開埋め込み}
def:strat-emb	appendixG.tex	864	\hyperref[def:strat-emb]{層状化開埋め込み}
def:strat-emb	appendixG.tex	932	\hyperref[def:strat-emb]{層状化開埋め込み}
def:Strat-infty	appendixG.tex	1780	\hyperref[def:Strat-infty]{$\BSC$}
def:Strat-infty	appendixG.tex	2676	\hyperref[def:Strat-infty]{$\Kan$-豊穣圏 $\BSC$}
def:stratified-GL	appendixG.tex	2236	\hyperref[def:stratified-GL]{$\LGL(U)$ の定義}
def:stratified-space	appendixG.tex	104	\hyperref[def:stratified-space]{層状化空間}
def:stratified-space	appendixG.tex	105	\hyperref[def:stratified-space]{層状化写像}
def:stratified-space	appendixG.tex	112	\hyperref[def:stratified-space]{層状化空間}
def:stratified-space	appendixG.tex	123	\hyperref[def:stratified-space]{層状化空間}
def:stratified-space	appendixG.tex	124	\hyperref[def:stratified-space]{層状化空間}
def:stratified-space	appendixG.tex	185	\hyperref[def:stratified-space]{層状化空間}
def:stratified-space	appendixG.tex	1856	\hyperref[def:stratified-space]{層状化}
def:stratified-space	appendixG.tex	1862	\hyperref[def:stratified-space]{層状化空間}
def:stratified-space	appendixG.tex	192	\hyperref[def:stratified-space]{層状化空間}
def:stratified-space	appendixG.tex	225	\hyperref[def:stratified-space]{層状化空間}
def:stratified-space	appendixG.tex	2387	\hyperref[def:stratified-space]{$\mathbb{P}
def:stratified-space	appendixG.tex	246	\hyperref[def:stratified-space]{層状化空間}
def:stratified-space	appendixG.tex	2462	\hyperref[def:stratified-space]{層}
def:stratified-space	appendixG.tex	2531	\hyperref[def:stratified-space]{$\OP{[\BSC]}
def:stratified-space	appendixG.tex	470	\hyperref[def:stratified-space]{層状化空間}
def:stratified-space	appendixG.tex	653	\hyperref[def:stratified-space]{$\Cone{s}
def:stratified-space	appendixG.tex	83	\hyperref[def:stratified-space]{層状化}
def:stratified-space	appendixG.tex	864	\hyperref[def:stratified-space]{層状化写像}
def:stratified-space	appendixG.tex	867	\hyperref[def:stratified-space]{層状化写像}
def:stratified-space	appendixG.tex	894	\hyperref[def:stratified-space]{層状化写像}
def:stratified-space	appendixG.tex	90	\hyperref[def:stratified-space]{層状化写像}
def:stratified-space	appendixG.tex	94	\hyperref[def:stratified-space]{$p$-strata}
def:stratified-space	appendixG.tex	95	\hyperref[def:stratified-space]{層状化写像}
def:stratified-space	appendixG.tex	952	\hyperref[def:stratified-space]{$q$-層}
def:StTop	appendixG.tex	2314	\hyperref[def:StTop]{$(1,\, 1)$-圏 $\StTOP$ の定義}
def:StTop	appendixG.tex	428	\hyperref[def:StTop]{$\StTOP$}
def:sym-monoidal-infty	appendixG.tex	3657	\hyperref[def:sym-monoidal-infty]{対称モノイダル $(\infty,\, 1)$-圏}
def:sym-monoidal-infty	appendixG.tex	3668	\hyperref[def:sym-monoidal-infty]{対称モノイダル $(\infty,\, 1)$-圏}
def:sym-monoidal-infty	appendixG.tex	4144	\hyperref[def:sym-monoidal-infty]{対称モノイダル $(\infty,\, 1)$-圏}
def:sym-monoidal-infty	appendixG.tex	4175	\hyperref[def:sym-monoidal-infty]{対称モノイダル $(\infty,\, 1)$-圏}
def:sym-monoidal-infty	appendixG.tex	4191	\hyperref[def:sym-monoidal-infty]{対称モノイダル $(\infty,\, 1)$-圏}
def:tangent-classifier	appendixG.tex	1797	\hyperref[def:tangent-classifier]{tangent classifier}
def:tangent-classifier	appendixG.tex	1805	\hyperref[def:tangent-classifier]{tangent classifier}
def:tangent-classifier	appendixG.tex	1855	\hyperref[def:tangent-classifier]{tangent classifier}
def:topo-poset	appendixG.tex	172	\hyperref[def:topo-poset]{位相 $\mathscr{O}
def:topo-poset	appendixG.tex	2617	\hyperref[def:topo-poset]{半順序集合 $\OP{[\BSC]}
def:topo-poset	appendixG.tex	2624	\hyperref[def:topo-poset]{半順序集合 $\OP{[\BSC]}
def:topo-poset	appendixG.tex	35	\hyperref[def:topo-poset]{位相 $\mathscr{O}
def:triv-Kan-fib	appendixG.tex	1114	\hyperref[def:triv-Kan-fib]{trivial Kan fibration}
deftpy-equiv	appendixG.tex	4161	\hyperref[deftpy-equiv]{ホモトピー同値}
lem:Kan-enriched	appendixG.tex	1903	\hyperref[lem:Kan-enriched]{Kan複体 $\Hom{\SNGLR}
lem:Kan-enriched	appendixG.tex	1913	\hyperref[lem:Kan-enriched]{Kan複体 $\Hom{\SNGLR}
lem:Kan-enriched	appendixG.tex	1934	\hyperref[lem:Kan-enriched]{Kan複体 $\Hom{\SNGLR}
lem:Kan-enriched	appendixG.tex	2275	\hyperref[lem:Kan-enriched]{Kan複体 $\Hom{\BSC}
lem:Segal-cond	appendixG.tex	4149	\hyperref[lem:Segal-cond]{条件 \textsf{\textbf{(Segal)}
lem:strat-basic	appendixG.tex	2943	\hyperref[lem:strat-basic]{$\alpha_X$ の構成}
prop:SimpSet-basic	appendixG.tex	3339	\hyperref[prop:SimpSet-basic]{$(1,\, 1)$-圏 $\sSet$ における引き戻し}
prop:SimpSet-basic	appendixG.tex	3352	\hyperref[prop:SimpSet-basic]{$(1,\, 1)$-圏 $\sSet$ における引き戻し}
prop:tangentbundle	appendixG.tex	1857	\hyperref[prop:tangentbundle]{接束}
redef:braided-monoidal	appendixG.tex	3613	\hyperref[redef:braided-monoidal]{対称モノイダル圏}
thm:basic-easy	appendixG.tex	1856	\hyperref[thm:basic-easy]{$[\BSC]$}
thm:basic-easy	appendixG.tex	1857	\hyperref[thm:basic-easy]{$[\BSC]$}
thm:unstraightening	appendixG.tex	1749	\hyperref[thm:unstraightening]{straightning construction}
